index,pts_time,pkt_pts_time,pkt_dts_time,best_effort_timestamp_time,key_frame,pict_type,pkt_size,width,height
0,0.0,,0.0,0.0,1,I,147481.0,1280.0,640.0
1,0.1,,0.1,0.1,0,P,52536.0,1280.0,640.0
2,0.2,,0.2,0.2,0,P,56163.0,1280.0,640.0
3,0.3,,0.3,0.3,0,P,56722.0,1280.0,640.0
4,0.4,,0.4,0.4,0,P,45018.0,1280.0,640.0
5,0.500278,,0.500278,0.500278,0,P,29094.0,1280.0,640.0
6,0.599967,,0.599967,0.599967,0,P,29560.0,1280.0,640.0
7,0.699956,,0.699956,0.699956,0,P,17702.0,1280.0,640.0
8,0.799944,,0.799944,0.799944,0,P,19159.0,1280.0,640.0
9,0.899933,,0.899933,0.899933,0,P,23565.0,1280.0,640.0
10,0.999922,,0.999922,0.999922,1,I,74372.0,1280.0,640.0
11,1.099911,,1.099911,1.099911,0,P,17599.0,1280.0,640.0
12,1.1999,,1.1999,1.1999,0,P,17831.0,1280.0,640.0
13,1.300011,,1.300011,1.300011,0,P,18398.0,1280.0,640.0
14,1.399956,,1.399956,1.399956,0,P,17860.0,1280.0,640.0
15,1.4999,,1.4999,1.4999,0,P,17725.0,1280.0,640.0
16,1.599844,,1.599844,1.599844,0,P,18700.0,1280.0,640.0
17,1.6999,,1.6999,1.6999,0,P,17949.0,1280.0,640.0
18,1.799956,,1.799956,1.799956,0,P,17615.0,1280.0,640.0
19,1.900011,,1.900011,1.900011,0,P,17431.0,1280.0,640.0
20,1.999922,,1.999922,1.999922,1,I,62447.0,1280.0,640.0
21,2.099833,,2.099833,2.099833,0,P,22073.0,1280.0,640.0
22,2.200011,,2.200011,2.200011,0,P,21218.0,1280.0,640.0
23,2.300189,,2.300189,2.300189,0,P,20430.0,1280.0,640.0
24,2.399956,,2.399956,2.399956,0,P,20587.0,1280.0,640.0
25,2.500233,,2.500233,2.500233,0,P,20462.0,1280.0,640.0
26,2.599867,,2.599867,2.599867,0,P,20708.0,1280.0,640.0
27,2.699833,,2.699833,2.699833,0,P,20619.0,1280.0,640.0
28,2.7998,,2.7998,2.7998,0,P,20273.0,1280.0,640.0
29,2.899767,,2.899767,2.899767,0,P,20826.0,1280.0,640.0
30,2.999733,,2.999733,2.999733,1,I,61225.0,1280.0,640.0
31,3.0997,,3.0997,3.0997,0,P,25932.0,1280.0,640.0
32,3.199667,,3.199667,3.199667,0,P,24360.0,1280.0,640.0
33,3.300122,,3.300122,3.300122,0,P,19377.0,1280.0,640.0
34,3.399778,,3.399778,3.399778,0,P,25137.0,1280.0,640.0
35,3.499733,,3.499733,3.499733,0,P,29563.0,1280.0,640.0
36,3.6005,,3.6005,3.6005,0,P,22621.0,1280.0,640.0
37,3.699756,,3.699756,3.699756,0,P,23385.0,1280.0,640.0
38,3.799722,,3.799722,3.799722,0,P,29943.0,1280.0,640.0
39,3.899689,,3.899689,3.899689,0,P,28485.0,1280.0,640.0
40,3.999811,,3.999811,3.999811,1,I,66846.0,1280.0,640.0
41,4.0997,,4.0997,4.0997,0,P,29496.0,1280.0,640.0
42,4.1997,,4.1997,4.1997,0,P,27828.0,1280.0,640.0
43,4.2997,,4.2997,4.2997,0,P,22136.0,1280.0,640.0
44,4.3997,,4.3997,4.3997,0,P,27807.0,1280.0,640.0
45,4.4997,,4.4997,4.4997,0,P,26970.0,1280.0,640.0
46,4.5997,,4.5997,4.5997,0,P,27773.0,1280.0,640.0
47,4.6997,,4.6997,4.6997,0,P,27219.0,1280.0,640.0
48,4.7997,,4.7997,4.7997,0,P,26915.0,1280.0,640.0
49,4.8997,,4.8997,4.8997,0,P,26849.0,1280.0,640.0
50,4.9997,,4.9997,4.9997,1,I,64353.0,1280.0,640.0
51,5.0997,,5.0997,5.0997,0,P,28320.0,1280.0,640.0
52,5.1997,,5.1997,5.1997,0,P,26680.0,1280.0,640.0
53,5.2997,,5.2997,5.2997,0,P,27080.0,1280.0,640.0
54,5.399578,,5.399578,5.399578,0,P,26328.0,1280.0,640.0
55,5.4996,,5.4996,5.4996,0,P,26389.0,1280.0,640.0
56,5.599622,,5.599622,5.599622,0,P,26499.0,1280.0,640.0
57,5.699644,,5.699644,5.699644,0,P,26022.0,1280.0,640.0
58,5.799556,,5.799556,5.799556,0,P,26066.0,1280.0,640.0
59,5.899589,,5.899589,5.899589,0,P,25647.0,1280.0,640.0
60,5.999622,,5.999622,5.999622,1,I,62267.0,1280.0,640.0
61,6.099544,,6.099544,6.099544,0,P,34408.0,1280.0,640.0
62,6.199467,,6.199467,6.199467,0,P,31892.0,1280.0,640.0
63,6.299767,,6.299767,6.299767,0,P,24812.0,1280.0,640.0
64,6.399511,,6.399511,6.399511,0,P,25495.0,1280.0,640.0
65,6.499478,,6.499478,6.499478,0,P,25914.0,1280.0,640.0
66,6.600067,,6.600067,6.600067,0,P,25482.0,1280.0,640.0
67,6.699478,,6.699478,6.699478,0,P,25995.0,1280.0,640.0
68,6.799467,,6.799467,6.799467,0,P,25439.0,1280.0,640.0
69,6.899456,,6.899456,6.899456,0,P,25685.0,1280.0,640.0
70,6.999444,,6.999444,6.999444,1,I,60248.0,1280.0,640.0
71,7.099433,,7.099433,7.099433,0,P,33937.0,1280.0,640.0
72,7.199422,,7.199422,7.199422,0,P,31693.0,1280.0,640.0
73,7.299411,,7.299411,7.299411,0,P,24252.0,1280.0,640.0
74,7.3994,,7.3994,7.3994,0,P,25103.0,1280.0,640.0
75,7.499389,,7.499389,7.499389,0,P,24888.0,1280.0,640.0
76,7.599378,,7.599378,7.599378,0,P,24833.0,1280.0,640.0
77,7.699367,,7.699367,7.699367,0,P,25821.0,1280.0,640.0
78,7.799356,,7.799356,7.799356,0,P,24788.0,1280.0,640.0
79,7.902022,,7.902022,7.902022,0,P,25419.0,1280.0,640.0
80,7.9993,,7.9993,7.9993,1,I,59402.0,1280.0,640.0
81,8.099344,,8.099344,8.099344,0,P,27253.0,1280.0,640.0
82,8.199289,,8.199289,8.199289,0,P,26532.0,1280.0,640.0
83,8.299233,,8.299233,8.299233,0,P,25785.0,1280.0,640.0
84,8.399178,,8.399178,8.399178,0,P,26025.0,1280.0,640.0
85,8.499244,,8.499244,8.499244,0,P,25479.0,1280.0,640.0
86,8.599311,,8.599311,8.599311,0,P,31726.0,1280.0,640.0
87,8.699211,,8.699211,8.699211,0,P,24087.0,1280.0,640.0
88,8.799222,,8.799222,8.799222,0,P,30573.0,1280.0,640.0
89,8.899233,,8.899233,8.899233,0,P,23900.0,1280.0,640.0
90,8.999244,,8.999244,8.999244,1,I,68965.0,1280.0,640.0
91,9.099256,,9.099256,9.099256,0,P,33515.0,1280.0,640.0
92,9.199267,,9.199267,9.199267,0,P,30327.0,1280.0,640.0
93,9.299278,,9.299278,9.299278,0,P,24281.0,1280.0,640.0
94,9.399289,,9.399289,9.399289,0,P,31052.0,1280.0,640.0
95,9.499167,,9.499167,9.499167,0,P,24386.0,1280.0,640.0
96,9.599178,,9.599178,9.599178,0,P,25760.0,1280.0,640.0
97,9.699189,,9.699189,9.699189,0,P,30665.0,1280.0,640.0
98,9.7992,,9.7992,9.7992,0,P,30470.0,1280.0,640.0
99,9.899211,,9.899211,9.899211,0,P,30072.0,1280.0,640.0
100,9.999222,,9.999222,9.999222,1,I,67099.0,1280.0,640.0
101,10.099233,,10.099233,10.099233,0,P,31480.0,1280.0,640.0
102,10.199244,,10.199244,10.199244,0,P,29183.0,1280.0,640.0
103,10.299256,,10.299256,10.299256,0,P,29446.0,1280.0,640.0
104,10.399111,,10.399111,10.399111,0,P,29683.0,1280.0,640.0
105,10.499078,,10.499078,10.499078,0,P,30228.0,1280.0,640.0
106,10.599044,,10.599044,10.599044,0,P,29759.0,1280.0,640.0
107,10.699011,,10.699011,10.699011,0,P,29766.0,1280.0,640.0
108,10.799156,,10.799156,10.799156,0,P,30582.0,1280.0,640.0
109,10.899089,,10.899089,10.899089,0,P,30692.0,1280.0,640.0
110,10.999022,,10.999022,10.999022,1,I,68981.0,1280.0,640.0
111,11.098956,,11.098956,11.098956,0,P,33461.0,1280.0,640.0
112,11.199044,,11.199044,11.199044,0,P,30981.0,1280.0,640.0
113,11.299022,,11.299022,11.299022,0,P,24873.0,1280.0,640.0
114,11.399,,11.399,11.399,0,P,25603.0,1280.0,640.0
115,11.498978,,11.498978,11.498978,0,P,32202.0,1280.0,640.0
116,11.598956,,11.598956,11.598956,0,P,25643.0,1280.0,640.0
117,11.698933,,11.698933,11.698933,0,P,20866.0,1280.0,640.0
118,11.798911,,11.798911,11.798911,0,P,27831.0,1280.0,640.0
119,11.899033,,11.899033,11.899033,0,P,26845.0,1280.0,640.0
120,11.998867,,11.998867,11.998867,1,I,63870.0,1280.0,640.0
121,12.099044,,12.099044,12.099044,0,P,29122.0,1280.0,640.0
122,12.198833,,12.198833,12.198833,0,P,27514.0,1280.0,640.0
123,12.298867,,12.298867,12.298867,0,P,27460.0,1280.0,640.0
124,12.3989,,12.3989,12.3989,0,P,27183.0,1280.0,640.0
125,12.498822,,12.498822,12.498822,0,P,27925.0,1280.0,640.0
126,12.598744,,12.598744,12.598744,0,P,28288.0,1280.0,640.0
127,12.698789,,12.698789,12.698789,0,P,28314.0,1280.0,640.0
128,12.798833,,12.798833,12.798833,0,P,28378.0,1280.0,640.0
129,12.898744,,12.898744,12.898744,0,P,28989.0,1280.0,640.0
130,12.998656,,12.998656,12.998656,1,I,66307.0,1280.0,640.0
131,13.098733,,13.098733,13.098733,0,P,31855.0,1280.0,640.0
132,13.198689,,13.198689,13.198689,0,P,29493.0,1280.0,640.0
133,13.298644,,13.298644,13.298644,0,P,28603.0,1280.0,640.0
134,13.398789,,13.398789,13.398789,0,P,28660.0,1280.0,640.0
135,13.498711,,13.498711,13.498711,0,P,30165.0,1280.0,640.0
136,13.598633,,13.598633,13.598633,0,P,31663.0,1280.0,640.0
137,13.698556,,13.698556,13.698556,0,P,26332.0,1280.0,640.0
138,13.798644,,13.798644,13.798644,0,P,27808.0,1280.0,640.0
139,13.898622,,13.898622,13.898622,0,P,24673.0,1280.0,640.0
140,13.9986,,13.9986,13.9986,1,I,67692.0,1280.0,640.0
141,14.098578,,14.098578,14.098578,0,P,31984.0,1280.0,640.0
142,14.198556,,14.198556,14.198556,0,P,31401.0,1280.0,640.0
143,14.298411,,14.298411,14.298411,0,P,26691.0,1280.0,640.0
144,14.398433,,14.398433,14.398433,0,P,25654.0,1280.0,640.0
145,14.498456,,14.498456,14.498456,0,P,30333.0,1280.0,640.0
146,14.598478,,14.598478,14.598478,0,P,30732.0,1280.0,640.0
147,14.6985,,14.6985,14.6985,0,P,25182.0,1280.0,640.0
148,14.798989,,14.798989,14.798989,0,P,26619.0,1280.0,640.0
149,14.898444,,14.898444,14.898444,0,P,32519.0,1280.0,640.0
150,14.998944,,14.998944,14.998944,1,I,63127.0,1280.0,640.0
151,15.098456,,15.098456,15.098456,0,P,27364.0,1280.0,640.0
152,15.198422,,15.198422,15.198422,0,P,26464.0,1280.0,640.0
153,15.298389,,15.298389,15.298389,0,P,27483.0,1280.0,640.0
154,15.398356,,15.398356,15.398356,0,P,34098.0,1280.0,640.0
155,15.498322,,15.498322,15.498322,0,P,26134.0,1280.0,640.0
156,15.598289,,15.598289,15.598289,0,P,26906.0,1280.0,640.0
157,15.698256,,15.698256,15.698256,0,P,33233.0,1280.0,640.0
158,15.798222,,15.798222,15.798222,0,P,32257.0,1280.0,640.0
159,15.898311,,15.898311,15.898311,0,P,25304.0,1280.0,640.0
160,15.998289,,15.998289,15.998289,1,I,70048.0,1280.0,640.0
161,16.098267,,16.098267,16.098267,0,P,32290.0,1280.0,640.0
162,16.198244,,16.198244,16.198244,0,P,30049.0,1280.0,640.0
163,16.298222,,16.298222,16.298222,0,P,24194.0,1280.0,640.0
164,16.398833,,16.398833,16.398833,0,P,25288.0,1280.0,640.0
165,16.498256,,16.498256,16.498256,0,P,30412.0,1280.0,640.0
166,16.598322,,16.598322,16.598322,0,P,28820.0,1280.0,640.0
167,16.698389,,16.698389,16.698389,0,P,23997.0,1280.0,640.0
168,16.798344,,16.798344,16.798344,0,P,29955.0,1280.0,640.0
169,16.8983,,16.8983,16.8983,0,P,29018.0,1280.0,640.0
170,16.998467,,16.998467,16.998467,1,I,62230.0,1280.0,640.0
171,17.098378,,17.098378,17.098378,0,P,26558.0,1280.0,640.0
172,17.198289,,17.198289,17.198289,0,P,24237.0,1280.0,640.0
173,17.298333,,17.298333,17.298333,0,P,24104.0,1280.0,640.0
174,17.398378,,17.398378,17.398378,0,P,23326.0,1280.0,640.0
175,17.4983,,17.4983,17.4983,0,P,30352.0,1280.0,640.0
176,17.598222,,17.598222,17.598222,0,P,28792.0,1280.0,640.0
177,17.6987,,17.6987,17.6987,0,P,22794.0,1280.0,640.0
178,17.798322,,17.798322,17.798322,0,P,30472.0,1280.0,640.0
179,17.898789,,17.898789,17.898789,0,P,26014.0,1280.0,640.0
180,17.998278,,17.998278,17.998278,1,I,63273.0,1280.0,640.0
181,18.098289,,18.098289,18.098289,0,P,28268.0,1280.0,640.0
182,18.1983,,18.1983,18.1983,0,P,25850.0,1280.0,640.0
183,18.298311,,18.298311,18.298311,0,P,25796.0,1280.0,640.0
184,18.398322,,18.398322,18.398322,0,P,24183.0,1280.0,640.0
185,18.498333,,18.498333,18.498333,0,P,25413.0,1280.0,640.0
186,18.598222,,18.598222,18.598222,0,P,31679.0,1280.0,640.0
187,18.698111,,18.698111,18.698111,0,P,30784.0,1280.0,640.0
188,18.798233,,18.798233,18.798233,0,P,24354.0,1280.0,640.0
189,18.898356,,18.898356,18.898356,0,P,31826.0,1280.0,640.0
190,18.998211,,18.998211,18.998211,1,I,58722.0,1280.0,640.0
191,19.098178,,19.098178,19.098178,0,P,24491.0,1280.0,640.0
192,19.198144,,19.198144,19.198144,0,P,23249.0,1280.0,640.0
193,19.298111,,19.298111,19.298111,0,P,29814.0,1280.0,640.0
194,19.398078,,19.398078,19.398078,0,P,28076.0,1280.0,640.0
195,19.498044,,19.498044,19.498044,0,P,22438.0,1280.0,640.0
196,19.598356,,19.598356,19.598356,0,P,28890.0,1280.0,640.0
197,19.6981,,19.6981,19.6981,0,P,27887.0,1280.0,640.0
198,19.798089,,19.798089,19.798089,0,P,28369.0,1280.0,640.0
199,19.898078,,19.898078,19.898078,0,P,28095.0,1280.0,640.0
200,19.998067,,19.998067,19.998067,1,I,65364.0,1280.0,640.0
201,20.098056,,20.098056,20.098056,0,P,29827.0,1280.0,640.0
202,20.198044,,20.198044,20.198044,0,P,28116.0,1280.0,640.0
203,20.298033,,20.298033,20.298033,0,P,28903.0,1280.0,640.0
204,20.398022,,20.398022,20.398022,0,P,27750.0,1280.0,640.0
205,20.498011,,20.498011,20.498011,0,P,27274.0,1280.0,640.0
206,20.598,,20.598,20.598,0,P,27647.0,1280.0,640.0
207,20.698389,,20.698389,20.698389,0,P,28217.0,1280.0,640.0
208,20.798022,,20.798022,20.798022,0,P,27853.0,1280.0,640.0
209,20.898011,,20.898011,20.898011,0,P,27911.0,1280.0,640.0
210,20.998,,20.998,20.998,1,I,63247.0,1280.0,640.0
211,21.097989,,21.097989,21.097989,0,P,22232.0,1280.0,640.0
212,21.198322,,21.198322,21.198322,0,P,22412.0,1280.0,640.0
213,21.297978,,21.297978,21.297978,0,P,22752.0,1280.0,640.0
214,21.397944,,21.397944,21.397944,0,P,21794.0,1280.0,640.0
215,21.497911,,21.497911,21.497911,0,P,22035.0,1280.0,640.0
216,21.597878,,21.597878,21.597878,0,P,21478.0,1280.0,640.0
217,21.697844,,21.697844,21.697844,0,P,21651.0,1280.0,640.0
218,21.797989,,21.797989,21.797989,0,P,22287.0,1280.0,640.0
219,21.897856,,21.897856,21.897856,0,P,21876.0,1280.0,640.0
220,21.997944,,21.997944,21.997944,1,I,55345.0,1280.0,640.0
221,22.097911,,22.097911,22.097911,0,P,23020.0,1280.0,640.0
222,22.197878,,22.197878,22.197878,0,P,22326.0,1280.0,640.0
223,22.297844,,22.297844,22.297844,0,P,22843.0,1280.0,640.0
224,22.398067,,22.398067,22.398067,0,P,22074.0,1280.0,640.0
225,22.497833,,22.497833,22.497833,0,P,22212.0,1280.0,640.0
226,22.597833,,22.597833,22.597833,0,P,21831.0,1280.0,640.0
227,22.697833,,22.697833,22.697833,0,P,22522.0,1280.0,640.0
228,22.797833,,22.797833,22.797833,0,P,22501.0,1280.0,640.0
229,22.897833,,22.897833,22.897833,0,P,22154.0,1280.0,640.0
230,22.997833,,22.997833,22.997833,1,I,56523.0,1280.0,640.0
231,23.097833,,23.097833,23.097833,0,P,29712.0,1280.0,640.0
232,23.197833,,23.197833,23.197833,0,P,27568.0,1280.0,640.0
233,23.297711,,23.297711,23.297711,0,P,27867.0,1280.0,640.0
234,23.397878,,23.397878,23.397878,0,P,26962.0,1280.0,640.0
235,23.497767,,23.497767,23.497767,0,P,27857.0,1280.0,640.0
236,23.597656,,23.597656,23.597656,0,P,26974.0,1280.0,640.0
237,23.6977,,23.6977,23.6977,0,P,28072.0,1280.0,640.0
238,23.797744,,23.797744,23.797744,0,P,28067.0,1280.0,640.0
239,23.897678,,23.897678,23.897678,0,P,28060.0,1280.0,640.0
240,23.997722,,23.997722,23.997722,1,I,65566.0,1280.0,640.0
241,24.097667,,24.097667,24.097667,0,P,29470.0,1280.0,640.0
242,24.197611,,24.197611,24.197611,0,P,29449.0,1280.0,640.0
243,24.297556,,24.297556,24.297556,0,P,28030.0,1280.0,640.0
244,24.397611,,24.397611,24.397611,0,P,28563.0,1280.0,640.0
245,24.497667,,24.497667,24.497667,0,P,27016.0,1280.0,640.0
246,24.598522,,24.598522,24.598522,0,P,29268.0,1280.0,640.0
247,24.697567,,24.697567,24.697567,0,P,23067.0,1280.0,640.0
248,24.797567,,24.797567,24.797567,0,P,30187.0,1280.0,640.0
249,24.897567,,24.897567,24.897567,0,P,22916.0,1280.0,640.0
250,24.997567,,24.997567,24.997567,1,I,68233.0,1280.0,640.0
251,25.097567,,25.097567,25.097567,0,P,30675.0,1280.0,640.0
252,25.197567,,25.197567,25.197567,0,P,30712.0,1280.0,640.0
253,25.297567,,25.297567,25.297567,0,P,29483.0,1280.0,640.0
254,25.397967,,25.397967,25.397967,0,P,30112.0,1280.0,640.0
255,25.497489,,25.497489,25.497489,0,P,29719.0,1280.0,640.0
256,25.597478,,25.597478,25.597478,0,P,29976.0,1280.0,640.0
257,25.697467,,25.697467,25.697467,0,P,30590.0,1280.0,640.0
258,25.797456,,25.797456,25.797456,0,P,30854.0,1280.0,640.0
259,25.897444,,25.897444,25.897444,0,P,30751.0,1280.0,640.0
260,25.997544,,25.997544,25.997544,1,I,71506.0,1280.0,640.0
261,26.097489,,26.097489,26.097489,0,P,33738.0,1280.0,640.0
262,26.197433,,26.197433,26.197433,0,P,31949.0,1280.0,640.0
263,26.297611,,26.297611,26.297611,0,P,32186.0,1280.0,640.0
264,26.397444,,26.397444,26.397444,0,P,31492.0,1280.0,640.0
265,26.4974,,26.4974,26.4974,0,P,31864.0,1280.0,640.0
266,26.597356,,26.597356,26.597356,0,P,31606.0,1280.0,640.0
267,26.697311,,26.697311,26.697311,0,P,31776.0,1280.0,640.0
268,26.797267,,26.797267,26.797267,0,P,31437.0,1280.0,640.0
269,26.897867,,26.897867,26.897867,0,P,31739.0,1280.0,640.0
270,26.997311,,26.997311,26.997311,1,I,73661.0,1280.0,640.0
271,27.097311,,27.097311,27.097311,0,P,35143.0,1280.0,640.0
272,27.197311,,27.197311,27.197311,0,P,32427.0,1280.0,640.0
273,27.297311,,27.297311,27.297311,0,P,25824.0,1280.0,640.0
274,27.397311,,27.397311,27.397311,0,P,33706.0,1280.0,640.0
275,27.497311,,27.497311,27.497311,0,P,32148.0,1280.0,640.0
276,27.597311,,27.597311,27.597311,0,P,26420.0,1280.0,640.0
277,27.6972,,27.6972,27.6972,0,P,34623.0,1280.0,640.0
278,27.797211,,27.797211,27.797211,0,P,33503.0,1280.0,640.0
279,27.897222,,27.897222,27.897222,0,P,25886.0,1280.0,640.0
280,27.997233,,27.997233,27.997233,1,I,75445.0,1280.0,640.0
281,28.097244,,28.097244,28.097244,0,P,36467.0,1280.0,640.0
282,28.197156,,28.197156,28.197156,0,P,34068.0,1280.0,640.0
283,28.297178,,28.297178,28.297178,0,P,21397.0,1280.0,640.0
284,28.3972,,28.3972,28.3972,0,P,27423.0,1280.0,640.0
285,28.497222,,28.497222,28.497222,0,P,34476.0,1280.0,640.0
286,28.597244,,28.597244,28.597244,0,P,26353.0,1280.0,640.0
287,28.6971,,28.6971,28.6971,0,P,27046.0,1280.0,640.0
288,28.797144,,28.797144,28.797144,0,P,36057.0,1280.0,640.0
289,28.897189,,28.897189,28.897189,0,P,34461.0,1280.0,640.0
290,28.9971,,28.9971,28.9971,1,I,77501.0,1280.0,640.0
291,29.097011,,29.097011,29.097011,0,P,29505.0,1280.0,640.0
292,29.197078,,29.197078,29.197078,0,P,29435.0,1280.0,640.0
293,29.297044,,29.297044,29.297044,0,P,29645.0,1280.0,640.0
294,29.397011,,29.397011,29.397011,0,P,29206.0,1280.0,640.0
295,29.496978,,29.496978,29.496978,0,P,29361.0,1280.0,640.0
296,29.596944,,29.596944,29.596944,0,P,30042.0,1280.0,640.0
297,29.697111,,29.697111,29.697111,0,P,29536.0,1280.0,640.0
298,29.796956,,29.796956,29.796956,0,P,29844.0,1280.0,640.0
299,29.896978,,29.896978,29.896978,0,P,29273.0,1280.0,640.0
300,29.997,,29.997,29.997,1,I,72304.0,1280.0,640.0
301,30.097267,,30.097267,30.097267,0,P,32007.0,1280.0,640.0
302,30.1969,,30.1969,30.1969,0,P,30848.0,1280.0,640.0
303,30.296967,,30.296967,30.296967,0,P,24774.0,1280.0,640.0
304,30.396878,,30.396878,30.396878,0,P,25027.0,1280.0,640.0
305,30.497089,,30.497089,30.497089,0,P,32103.0,1280.0,640.0
306,30.596889,,30.596889,30.596889,0,P,32165.0,1280.0,640.0
307,30.696844,,30.696844,30.696844,0,P,25015.0,1280.0,640.0
308,30.7968,,30.7968,30.7968,0,P,26045.0,1280.0,640.0
309,30.896989,,30.896989,30.896989,0,P,33891.0,1280.0,640.0
310,30.9968,,30.9968,30.9968,1,I,70274.0,1280.0,640.0
311,31.097111,,31.097111,31.097111,0,P,29345.0,1280.0,640.0
312,31.196767,,31.196767,31.196767,0,P,28485.0,1280.0,640.0
313,31.296844,,31.296844,31.296844,0,P,21777.0,1280.0,640.0
314,31.396811,,31.396811,31.396811,0,P,29074.0,1280.0,640.0
315,31.496978,,31.496978,31.496978,0,P,28137.0,1280.0,640.0
316,31.597656,,31.597656,31.597656,0,P,28200.0,1280.0,640.0
317,31.696767,,31.696767,31.696767,0,P,28212.0,1280.0,640.0
318,31.797222,,31.797222,31.797222,0,P,28411.0,1280.0,640.0
319,31.897678,,31.897678,31.897678,0,P,28930.0,1280.0,640.0
320,31.996811,,31.996811,31.996811,1,I,76085.0,1280.0,640.0
321,32.096744,,32.096744,32.096744,0,P,30463.0,1280.0,640.0
322,32.199289,,32.199289,32.199289,0,P,30133.0,1280.0,640.0
323,32.296756,,32.296756,32.296756,0,P,23597.0,1280.0,640.0
324,32.396756,,32.396756,32.396756,0,P,31339.0,1280.0,640.0
325,32.496756,,32.496756,32.496756,0,P,29550.0,1280.0,640.0
326,32.596756,,32.596756,32.596756,0,P,29111.0,1280.0,640.0
327,32.6973,,32.6973,32.6973,0,P,29732.0,1280.0,640.0
328,32.796722,,32.796722,32.796722,0,P,29080.0,1280.0,640.0
329,32.896711,,32.896711,32.896711,0,P,28945.0,1280.0,640.0
330,32.9967,,32.9967,32.9967,1,I,72791.0,1280.0,640.0
331,33.096689,,33.096689,33.096689,0,P,28767.0,1280.0,640.0
332,33.196678,,33.196678,33.196678,0,P,28559.0,1280.0,640.0
333,33.296667,,33.296667,33.296667,0,P,21214.0,1280.0,640.0
334,33.396656,,33.396656,33.396656,0,P,28593.0,1280.0,640.0
335,33.496644,,33.496644,33.496644,0,P,27373.0,1280.0,640.0
336,33.596633,,33.596633,33.596633,0,P,27122.0,1280.0,640.0
337,33.696622,,33.696622,33.696622,0,P,26688.0,1280.0,640.0
338,33.796611,,33.796611,33.796611,0,P,27137.0,1280.0,640.0
339,33.8966,,33.8966,33.8966,0,P,26655.0,1280.0,640.0
340,33.996589,,33.996589,33.996589,1,I,68652.0,1280.0,640.0
341,34.096578,,34.096578,34.096578,0,P,28477.0,1280.0,640.0
342,34.196567,,34.196567,34.196567,0,P,27888.0,1280.0,640.0
343,34.296556,,34.296556,34.296556,0,P,27369.0,1280.0,640.0
344,34.396544,,34.396544,34.396544,0,P,26714.0,1280.0,640.0
345,34.496533,,34.496533,34.496533,0,P,26695.0,1280.0,640.0
346,34.596922,,34.596922,34.596922,0,P,26449.0,1280.0,640.0
347,34.696556,,34.696556,34.696556,0,P,27057.0,1280.0,640.0
348,34.796533,,34.796533,34.796533,0,P,27371.0,1280.0,640.0
349,34.897211,,34.897211,34.897211,0,P,25342.0,1280.0,640.0
350,34.996467,,34.996467,34.996467,1,I,65518.0,1280.0,640.0
351,35.096533,,35.096533,35.096533,0,P,28039.0,1280.0,640.0
352,35.196478,,35.196478,35.196478,0,P,25871.0,1280.0,640.0
353,35.296422,,35.296422,35.296422,0,P,25713.0,1280.0,640.0
354,35.396811,,35.396811,35.396811,0,P,25430.0,1280.0,640.0
355,35.496456,,35.496456,35.496456,0,P,25420.0,1280.0,640.0
356,35.596433,,35.596433,35.596433,0,P,24819.0,1280.0,640.0
357,35.696411,,35.696411,35.696411,0,P,24765.0,1280.0,640.0
358,35.7965,,35.7965,35.7965,0,P,31422.0,1280.0,640.0
359,35.896456,,35.896456,35.896456,0,P,29834.0,1280.0,640.0
360,35.996411,,35.996411,35.996411,1,I,69963.0,1280.0,640.0
361,36.096367,,36.096367,36.096367,0,P,25423.0,1280.0,640.0
362,36.196322,,36.196322,36.196322,0,P,24535.0,1280.0,640.0
363,36.296389,,36.296389,36.296389,0,P,30167.0,1280.0,640.0
364,36.396344,,36.396344,36.396344,0,P,29279.0,1280.0,640.0
365,36.496411,,36.496411,36.496411,0,P,22609.0,1280.0,640.0
366,36.596333,,36.596333,36.596333,0,P,22810.0,1280.0,640.0
367,36.696256,,36.696256,36.696256,0,P,29268.0,1280.0,640.0
368,36.796333,,36.796333,36.796333,0,P,27737.0,1280.0,640.0
369,36.896411,,36.896411,36.896411,0,P,22206.0,1280.0,640.0
370,36.996489,,36.996489,36.996489,1,I,66183.0,1280.0,640.0
371,37.096267,,37.096267,37.096267,0,P,29322.0,1280.0,640.0
372,37.1963,,37.1963,37.1963,0,P,28664.0,1280.0,640.0
373,37.296333,,37.296333,37.296333,0,P,23423.0,1280.0,640.0
374,37.396367,,37.396367,37.396367,0,P,22508.0,1280.0,640.0
375,37.496278,,37.496278,37.496278,0,P,28538.0,1280.0,640.0
376,37.5963,,37.5963,37.5963,0,P,27123.0,1280.0,640.0
377,37.696322,,37.696322,37.696322,0,P,26897.0,1280.0,640.0
378,37.796244,,37.796244,37.796244,0,P,26529.0,1280.0,640.0
379,37.896167,,37.896167,37.896167,0,P,26111.0,1280.0,640.0
380,37.996211,,37.996211,37.996211,1,I,62588.0,1280.0,640.0
381,38.096256,,38.096256,38.096256,0,P,27642.0,1280.0,640.0
382,38.1962,,38.1962,38.1962,0,P,26287.0,1280.0,640.0
383,38.296144,,38.296144,38.296144,0,P,26225.0,1280.0,640.0
384,38.396356,,38.396356,38.396356,0,P,26229.0,1280.0,640.0
385,38.496178,,38.496178,38.496178,0,P,26296.0,1280.0,640.0
386,38.596178,,38.596178,38.596178,0,P,25707.0,1280.0,640.0
387,38.696178,,38.696178,38.696178,0,P,25620.0,1280.0,640.0
388,38.796178,,38.796178,38.796178,0,P,25352.0,1280.0,640.0
389,38.896378,,38.896378,38.896378,0,P,32202.0,1280.0,640.0
390,38.996122,,38.996122,38.996122,1,I,59823.0,1280.0,640.0
391,39.096111,,39.096111,39.096111,0,P,25935.0,1280.0,640.0
392,39.196467,,39.196467,39.196467,0,P,24686.0,1280.0,640.0
393,39.296111,,39.296111,39.296111,0,P,31124.0,1280.0,640.0
394,39.396111,,39.396111,39.396111,0,P,29513.0,1280.0,640.0
395,39.496111,,39.496111,39.496111,0,P,29101.0,1280.0,640.0
396,39.596111,,39.596111,39.596111,0,P,28999.0,1280.0,640.0
397,39.696111,,39.696111,39.696111,0,P,28577.0,1280.0,640.0
398,39.796111,,39.796111,39.796111,0,P,28731.0,1280.0,640.0
399,39.896111,,39.896111,39.896111,0,P,28820.0,1280.0,640.0
400,39.996111,,39.996111,39.996111,1,I,65643.0,1280.0,640.0
401,40.096111,,40.096111,40.096111,0,P,29875.0,1280.0,640.0
402,40.196011,,40.196011,40.196011,0,P,28925.0,1280.0,640.0
403,40.295911,,40.295911,40.295911,0,P,28753.0,1280.0,640.0
404,40.396056,,40.396056,40.396056,0,P,28333.0,1280.0,640.0
405,40.495978,,40.495978,40.495978,0,P,28408.0,1280.0,640.0
406,40.5959,,40.5959,40.5959,0,P,28276.0,1280.0,640.0
407,40.695967,,40.695967,40.695967,0,P,22894.0,1280.0,640.0
408,40.796033,,40.796033,40.796033,0,P,23151.0,1280.0,640.0
409,40.895944,,40.895944,40.895944,0,P,23519.0,1280.0,640.0
410,40.995856,,40.995856,40.995856,1,I,57931.0,1280.0,640.0
411,41.095944,,41.095944,41.095944,0,P,24604.0,1280.0,640.0
412,41.195922,,41.195922,41.195922,0,P,30051.0,1280.0,640.0
413,41.2959,,41.2959,41.2959,0,P,28681.0,1280.0,640.0
414,41.395878,,41.395878,41.395878,0,P,28238.0,1280.0,640.0
415,41.495856,,41.495856,41.495856,0,P,28508.0,1280.0,640.0
416,41.596522,,41.596522,41.596522,0,P,28719.0,1280.0,640.0
417,41.695889,,41.695889,41.695889,0,P,28702.0,1280.0,640.0
418,41.795911,,41.795911,41.795911,0,P,28367.0,1280.0,640.0
419,41.895933,,41.895933,41.895933,0,P,29215.0,1280.0,640.0
420,41.995811,,41.995811,41.995811,1,I,64952.0,1280.0,640.0
421,42.0958,,42.0958,42.0958,0,P,30831.0,1280.0,640.0
422,42.195789,,42.195789,42.195789,0,P,29122.0,1280.0,640.0
423,42.295778,,42.295778,42.295778,0,P,22819.0,1280.0,640.0
424,42.395767,,42.395767,42.395767,0,P,30147.0,1280.0,640.0
425,42.495756,,42.495756,42.495756,0,P,29089.0,1280.0,640.0
426,42.595744,,42.595744,42.595744,0,P,29347.0,1280.0,640.0
427,42.695733,,42.695733,42.695733,0,P,29604.0,1280.0,640.0
428,42.795722,,42.795722,42.795722,0,P,29325.0,1280.0,640.0
429,42.895711,,42.895711,42.895711,0,P,29378.0,1280.0,640.0
430,42.9957,,42.9957,42.9957,1,I,67295.0,1280.0,640.0
431,43.095833,,43.095833,43.095833,0,P,32032.0,1280.0,640.0
432,43.195656,,43.195656,43.195656,0,P,29735.0,1280.0,640.0
433,43.2957,,43.2957,43.2957,0,P,23371.0,1280.0,640.0
434,43.395744,,43.395744,43.395744,0,P,23659.0,1280.0,640.0
435,43.495633,,43.495633,43.495633,0,P,31065.0,1280.0,640.0
436,43.595722,,43.595722,43.595722,0,P,30592.0,1280.0,640.0
437,43.695678,,43.695678,43.695678,0,P,29985.0,1280.0,640.0
438,43.795633,,43.795633,43.795633,0,P,24062.0,1280.0,640.0
439,43.895589,,43.895589,43.895589,0,P,24871.0,1280.0,640.0
440,43.995544,,43.995544,43.995544,1,I,62290.0,1280.0,640.0
441,44.0955,,44.0955,44.0955,0,P,35001.0,1280.0,640.0
442,44.195589,,44.195589,44.195589,0,P,33564.0,1280.0,640.0
443,44.295544,,44.295544,44.295544,0,P,26400.0,1280.0,640.0
444,44.3955,,44.3955,44.3955,0,P,26438.0,1280.0,640.0
445,44.4956,,44.4956,44.4956,0,P,35052.0,1280.0,640.0
446,44.595544,,44.595544,44.595544,0,P,35110.0,1280.0,640.0
447,44.695489,,44.695489,44.695489,0,P,28096.0,1280.0,640.0
448,44.7957,,44.7957,44.7957,0,P,23098.0,1280.0,640.0
449,44.895656,,44.895656,44.895656,0,P,30526.0,1280.0,640.0
450,44.995611,,44.995611,44.995611,1,I,61971.0,1280.0,640.0
451,45.095467,,45.095467,45.095467,0,P,34457.0,1280.0,640.0
452,45.195511,,45.195511,45.195511,0,P,33490.0,1280.0,640.0
453,45.295556,,45.295556,45.295556,0,P,27612.0,1280.0,640.0
454,45.395389,,45.395389,45.395389,0,P,26607.0,1280.0,640.0
455,45.495367,,45.495367,45.495367,0,P,28098.0,1280.0,640.0
456,45.595344,,45.595344,45.595344,0,P,35681.0,1280.0,640.0
457,45.695322,,45.695322,45.695322,0,P,27292.0,1280.0,640.0
458,45.7953,,45.7953,45.7953,0,P,29528.0,1280.0,640.0
459,45.895278,,45.895278,45.895278,0,P,30122.0,1280.0,640.0
460,45.995522,,45.995522,45.995522,1,I,72104.0,1280.0,640.0
461,46.095278,,46.095278,46.095278,0,P,33126.0,1280.0,640.0
462,46.195256,,46.195256,46.195256,0,P,27155.0,1280.0,640.0
463,46.295233,,46.295233,46.295233,0,P,27967.0,1280.0,640.0
464,46.395211,,46.395211,46.395211,0,P,27648.0,1280.0,640.0
465,46.495189,,46.495189,46.495189,0,P,28329.0,1280.0,640.0
466,46.595167,,46.595167,46.595167,0,P,28544.0,1280.0,640.0
467,46.695144,,46.695144,46.695144,0,P,29458.0,1280.0,640.0
468,46.795122,,46.795122,46.795122,0,P,29242.0,1280.0,640.0
469,46.8951,,46.8951,46.8951,0,P,29675.0,1280.0,640.0
470,46.995078,,46.995078,46.995078,1,I,73333.0,1280.0,640.0
471,47.095056,,47.095056,47.095056,0,P,30673.0,1280.0,640.0
472,47.195033,,47.195033,47.195033,0,P,31026.0,1280.0,640.0
473,47.295011,,47.295011,47.295011,0,P,25438.0,1280.0,640.0
474,47.394989,,47.394989,47.394989,0,P,24505.0,1280.0,640.0
475,47.494967,,47.494967,47.494967,0,P,23636.0,1280.0,640.0
